"","Lead.Age","Urban","Married","Mobile","NumberHighBrands","NumberLowBrands","NumberFashionMag","HHIncome","Converted"
"Mean",32.3389830508475,0.11864406779661,0.146892655367232,1,1.33333333333333,1.24293785310734,0.80225988700565,68.7344632768362,0.248587570621469
"Std",7.57150047312181,0.324286582154084,0.355003128671008,0,1.2997668788648,1.07807085784048,1.51896925287048,17.7819047089903,0.433420243348915
