"","Lead.Age","Urban","Married","Mobile","NumberHighBrands","NumberLowBrands","NumberFashionMag","HHIncome","Converted"
"Mean",40.2852760736196,0.506134969325153,0.47239263803681,0.134969325153374,1.71165644171779,1.15950920245399,2.61963190184049,93.601226993865,1
"Std",5.66078801939023,0.500730942834418,0.500004719184903,0.342216079706966,1.33692610177397,1.04911027721647,1.49957363769041,11.7951958289678,0
