"","Lead.Age","Urban","Married","Mobile","NumberHighBrands","NumberLowBrands","NumberFashionMag","HHIncome","Converted"
"Mean",40.4675324675325,0.487012987012987,1,0.168831168831169,1.90909090909091,1.11038961038961,2.44805194805195,92.6038961038961,1
"StDev",5.57793134185914,0.501462084361776,0,0.375824928042958,1.4158931515189,1.02620366636388,1.46881397084311,12.6270892692644,0
