"","Lead.Age","Urban","Married","Mobile","NumberHighBrands","NumberLowBrands","NumberFashionMag","HHIncome","Converted"
"Mean",40.869109947644,1,0.392670157068063,0.109947643979058,1.84816753926702,1.21989528795812,2.45549738219895,87.2879581151832,0.863874345549738
"StDev",5.54585086665845,0,0.489627883514857,0.313646628820932,1.34672479632849,0.991448695240187,1.47500531265536,20.079206618797,0.343823187303967
